Data,Mes,Rede,Tipo_Mensagem,Conta,Usuario
2021-12-31,Dec,instagram,Private,Bob,UsuarioA
2021-12-31,Dec,instagram,Private,Maria,UsuarioB
2021-12-31,Dec,twitter,Mention,Pedro,UsuarioC
2021-12-31,Dec,instagram,Private,Luiz,UsuarioD
2021-12-31,Dec,facebook,Comment,Taina,UsuarioE
2021-12-31,Dec,instagram,Private,Tales,UsuarioF
2021-12-31,Dec,instagram,Private,Edson,UsuarioB
2021-12-31,Dec,instagram,Private,Brian,UsuarioG
2021-12-31,Dec,facebook,Private,Brenda,UsuarioH
2021-12-31,Dec,instagram,Private,Kayo,UsuarioI
2021-12-31,Dec,instagram,Comment,Daniel,UsuarioJ
2021-12-31,Dec,instagram,Private,Mario,UsuarioK
2021-12-31,Dec,instagram,Private,Alexandra,UsuarioC
2021-12-31,Dec,instagram,Comment,Ryan,UsuarioI
2021-12-31,Dec,instagram,Private,Ian,UsuarioL
2021-12-31,Dec,instagram,Private,Joshua,UsuarioA
2021-12-31,Dec,instagram,Private,Mateus,UsuarioA
2021-12-31,Dec,instagram,Private,Liliane,UsuarioM
2021-12-31,Dec,facebook,Comment,Mariana,UsuarioI
2021-12-31,Dec,instagram,Private,Erin,UsuarioF
2021-12-31,Dec,instagram,Private,Ricardo,UsuarioL
2021-12-31,Dec,instagram,Private,Diego,UsuarioA
2021-12-31,Dec,instagram,Private,Nina,UsuarioB
2021-12-31,Dec,instagram,Private,Eduarda,UsuarioB
2021-12-31,Dec,instagram,Private,Cassia,UsuarioN
2021-12-31,Dec,instagram,Private,Tessa,UsuarioA
2021-12-31,Dec,instagram,Private,Oscar,UsuarioO
2021-12-31,Dec,instagram,Private,Arin,UsuarioH
2021-12-31,Dec,instagram,Private,Karina,UsuarioF
2021-12-31,Dec,instagram,Private,Helio,UsuarioP
2021-12-31,Dec,instagram,Private,Devin,UsuarioD
2021-12-31,Dec,instagram,Private,Diondre,UsuarioF
2021-12-31,Dec,instagram,Private,Brittney,UsuarioQ
2021-12-31,Dec,instagram,Private,Vanderlei,UsuarioR
2021-12-31,Dec,instagram,Private,Juan,UsuarioN
2021-12-31,Dec,instagram,Private,David,UsuarioN
2021-12-31,Dec,facebook,Private,Hugo,UsuarioI
2021-12-31,Dec,instagram,Comment,Tiago,UsuarioR
2021-12-31,Dec,instagram,Comment,Ethan,UsuarioJ
2021-12-31,Dec,instagram,Private,Catarina,UsuarioA
2021-12-31,Dec,instagram,Private,Gregory,UsuarioP
2021-12-31,Dec,instagram,Private,Alex,UsuarioB
2021-12-31,Dec,instagram,Private,Destiny,UsuarioM
2021-12-31,Dec,instagram,Private,Sharaina,UsuarioC
2021-12-31,Dec,instagram,Private,Samantha,UsuarioC
2021-12-31,Dec,twitter,Private,Angela,UsuarioB
2021-12-31,Dec,instagram,Private,Darik,UsuarioN
2021-12-31,Dec,instagram,Private,Matrice,UsuarioD
2021-12-31,Dec,instagram,Private,Samuel,UsuarioD
2021-12-31,Dec,instagram,Private,Shannon,UsuarioC
2021-12-31,Dec,instagram,Private,Domonique,UsuarioN
2021-12-31,Dec,instagram,Private,Shannon,UsuarioC
2021-12-31,Dec,instagram,Private,Ryan,UsuarioP
2021-12-31,Dec,instagram,Private,Rajaa,UsuarioA
2021-12-31,Dec,facebook,Private,Rashele,UsuarioP
2021-12-31,Dec,facebook,Private,Jonna,UsuarioM
2021-12-31,Dec,instagram,Private,Sophia,UsuarioG
2021-12-31,Dec,instagram,Private,Jamaal,UsuarioA
2021-12-31,Dec,instagram,Private,Aasiya,UsuarioJ
2021-12-31,Dec,instagram,Private,Maritza,UsuarioH
2021-12-31,Dec,instagram,Private,Brooke,UsuarioH
2021-12-31,Dec,twitter,Private,Cody,UsuarioQ
2021-12-31,Dec,instagram,Private,Alexandria,UsuarioI
2021-12-31,Dec,instagram,Private,Akinlabi,UsuarioH
2021-12-31,Dec,facebook,Mention,Shaquelle,UsuarioN
2021-12-31,Dec,instagram,Comment,Jordan,UsuarioL
2021-12-31,Dec,instagram,Private,Khadeeja,UsuarioQ
2021-12-31,Dec,instagram,Comment,Paulo,UsuarioI
2021-12-31,Dec,instagram,Private,Kyle,UsuarioH
2021-12-31,Dec,facebook,Comment,Gabrielle,UsuarioD
2021-12-31,Dec,instagram,Private,Kody,UsuarioL
2021-12-31,Dec,instagram,Comment,Alyssa,UsuarioE
2021-12-31,Dec,instagram,Private,Faadi,UsuarioI
2021-12-31,Dec,instagram,Comment,Cheyenne,UsuarioI
2021-12-31,Dec,instagram,Private,Vivian,UsuarioI
2021-12-31,Dec,instagram,Comment,Faraj,UsuarioQ
2021-12-31,Dec,instagram,Private,Dakota,UsuarioF
2021-12-31,Dec,instagram,Private,Joachim,UsuarioC
2021-12-31,Dec,facebook,Private,Peter,UsuarioF
2021-12-31,Dec,instagram,Private,Jesus,UsuarioM
2021-12-31,Dec,facebook,Private,Kayla,UsuarioF
2021-12-31,Dec,instagram,Private,Rachel,UsuarioL
2021-12-31,Dec,facebook,Private,Jurea,UsuarioC
2021-12-31,Dec,instagram,Private,Hamdi,UsuarioP
2021-12-31,Dec,instagram,Private,Wajeeha,UsuarioP
2021-12-31,Dec,facebook,Private,Rigo,UsuarioD
2021-12-31,Dec,instagram,Private,Mukarram,UsuarioI
2021-12-31,Dec,instagram,Private,Paulo,UsuarioN
2021-12-31,Dec,instagram,Private,Madaline,UsuarioQ
2021-12-31,Dec,instagram,Private,Luiz,UsuarioD
2021-12-31,Dec,instagram,Private,Mateus,UsuarioN
2021-12-31,Dec,facebook,Private,Nawaar,UsuarioA
2021-12-31,Dec,instagram,Private,Joshua,UsuarioC
2021-12-31,Dec,instagram,Private,Tyler,UsuarioM
2021-12-31,Dec,instagram,Private,Joel,UsuarioQ
2021-12-31,Dec,facebook,Comment,Nathan,UsuarioL
2021-12-31,Dec,facebook,Mention,Ryan,UsuarioQ
2021-12-31,Dec,facebook,Comment,Ivy,UsuarioL
2021-12-31,Dec,instagram,Private,Natalie,UsuarioJ
2021-12-31,Dec,instagram,Private,Timothy,UsuarioJ
2021-12-31,Dec,instagram,Private,Samuel,UsuarioJ
2021-12-31,Dec,instagram,Private,Calvin,UsuarioP
2021-12-31,Dec,instagram,Private,Jamaal,UsuarioS
2021-12-31,Dec,instagram,Private,Jayda,UsuarioM
2021-12-31,Dec,instagram,Private,Jean,UsuarioF
2021-12-31,Dec,instagram,Private,Waseem,UsuarioL
2021-12-31,Dec,instagram,Private,Seeta,UsuarioQ
2021-12-31,Dec,instagram,Private,Lauren,UsuarioM
2021-12-31,Dec,instagram,Private,Stephani,UsuarioL
2021-12-31,Dec,twitter,Private,Jordan,UsuarioA
2021-12-31,Dec,instagram,Private,Qwa,UsuarioL
2021-12-31,Dec,instagram,Private,Adam,UsuarioR
2021-12-31,Dec,instagram,Private,Patrick,UsuarioN
2021-12-31,Dec,instagram,Private,Kacey,UsuarioC
2021-12-31,Dec,instagram,Private,Adrian,UsuarioI
2021-12-31,Dec,facebook,Private,Cassandra,UsuarioC
2021-12-31,Dec,instagram,Private,Do,UsuarioD
2021-12-31,Dec,instagram,Private,Bilal,UsuarioA
2021-12-31,Dec,facebook,Comment,James,UsuarioP
2021-12-31,Dec,instagram,Private,Hameeda,UsuarioN
2021-12-31,Dec,instagram,Private,Najma,UsuarioJ
2021-12-31,Dec,instagram,Private,Chamaray,UsuarioC
2021-12-31,Dec,facebook,Comment,Ronald,UsuarioD
2021-12-31,Dec,instagram,Private,Hakam,UsuarioG
2021-12-31,Dec,facebook,Comment,Baahir,UsuarioR
2021-12-31,Dec,facebook,Comment,Emily,UsuarioF
2021-12-31,Dec,instagram,Private,Lucas,UsuarioH
2021-12-31,Dec,instagram,Private,Hung,UsuarioH
2021-12-31,Dec,instagram,Private,Bento,UsuarioB
2021-12-31,Dec,instagram,Private,Jesus,UsuarioC
2021-12-31,Dec,instagram,Private,Dakota,UsuarioJ
2021-12-31,Dec,instagram,Private,Jadeeda,UsuarioC
2021-12-31,Dec,instagram,Private,Cheyenna,UsuarioF
2021-12-31,Dec,facebook,Private,Anthony,UsuarioI
2021-12-31,Dec,instagram,Private,Brizjhane,UsuarioA
2021-12-31,Dec,instagram,Private,Dontae,UsuarioP
2021-12-31,Dec,instagram,Private,Keiasha,UsuarioI
2021-12-31,Dec,instagram,Private,Bob,UsuarioM
2021-12-31,Dec,instagram,Private,Hea Jeen,UsuarioI
2021-12-31,Dec,instagram,Private,Michael,UsuarioS
2021-12-31,Dec,instagram,Private,Alejandro,UsuarioA
2021-12-31,Dec,instagram,Private,Lindsey,UsuarioQ
2021-12-31,Dec,instagram,Private,Alexandra,UsuarioA
2021-12-31,Dec,instagram,Private,Dominique,UsuarioA
2021-12-31,Dec,instagram,Private,Ashlen,UsuarioQ
2021-12-31,Dec,instagram,Private,Heather,UsuarioJ
2021-12-31,Dec,instagram,Comment,Raabiya,UsuarioA
2021-12-31,Dec,instagram,Private,Gabriela,UsuarioL
2021-12-31,Dec,instagram,Private,Kinaana,UsuarioI
2021-12-31,Dec,instagram,Private,Hannah,UsuarioP
2021-12-31,Dec,instagram,Private,Alex,UsuarioP
2021-12-31,Dec,instagram,Private,Victoria,UsuarioC
2021-12-31,Dec,instagram,Private,Andre,UsuarioE
2021-12-31,Dec,instagram,Private,Alexander,UsuarioL
2021-12-31,Dec,twitter,Private,Maria,UsuarioC
2021-12-31,Dec,facebook,Private,Tylar,UsuarioQ
2021-12-31,Dec,twitter,Mention,Denise,UsuarioT
2021-12-31,Dec,instagram,Private,Austin,UsuarioF
2021-12-31,Dec,instagram,Private,Micah,UsuarioC
2021-12-31,Dec,instagram,Private,Heather,UsuarioB
2021-12-31,Dec,instagram,Private,Jason,UsuarioI
2021-12-31,Dec,facebook,Private,Keith,UsuarioA
2021-12-31,Dec,facebook,Private,Ari,UsuarioB
2021-12-31,Dec,instagram,Private,Brian,UsuarioB
2021-12-31,Dec,facebook,Comment,Zackarie,UsuarioF
2021-12-31,Dec,instagram,Private,Shannon,UsuarioA
2021-12-31,Dec,instagram,Private,Rachel,UsuarioT
2021-12-31,Dec,instagram,Private,Dominique,UsuarioM
2021-12-31,Dec,instagram,Private,Tommi,UsuarioQ
2021-12-31,Dec,instagram,Private,Annelise,UsuarioQ
2021-12-31,Dec,facebook,Private,Brett,UsuarioU
2021-12-31,Dec,instagram,Private,Jonna,UsuarioI
2021-12-31,Dec,instagram,Private,Mariah,UsuarioM
2021-12-31,Dec,instagram,Private,Jubalee,UsuarioJ
2021-12-31,Dec,instagram,Private,Michael,UsuarioQ
2021-12-31,Dec,instagram,Private,Sophia,UsuarioJ
2021-12-31,Dec,instagram,Private,Kendrick,UsuarioB
2021-12-31,Dec,instagram,Private,Victor,UsuarioN
2021-12-31,Dec,instagram,Private,Nathaniel,UsuarioB
2021-12-31,Dec,instagram,Private,Marisela,UsuarioI
2021-12-31,Dec,instagram,Private,Jeremiah,UsuarioL
2021-12-31,Dec,facebook,Comment,Jasphine,UsuarioT
2021-12-31,Dec,instagram,Private,Hamsa,UsuarioB
2021-12-31,Dec,instagram,Private,Morgan,UsuarioJ
2021-12-31,Dec,instagram,Private,Tanner,UsuarioP
2021-12-31,Dec,instagram,Private,Brittany,UsuarioP
2021-12-31,Dec,instagram,Private,Terry,UsuarioJ
2021-12-31,Dec,facebook,Private,Iaasic,UsuarioB
2021-12-31,Dec,instagram,Private,Gary,UsuarioP
2021-12-31,Dec,instagram,Comment,Julian,UsuarioL
2021-12-31,Dec,facebook,Private,Bento,UsuarioE
2021-12-31,Dec,facebook,Comment,Shaahida,UsuarioN
2021-12-31,Dec,facebook,Comment,Abigail,UsuarioS
2021-12-31,Dec,instagram,Private,Raaid,UsuarioB
2021-12-31,Dec,facebook,Comment,Kinaana,UsuarioJ
2021-12-31,Dec,facebook,Comment,Dupree,UsuarioL
2021-12-31,Dec,facebook,Comment,Raymond,UsuarioM
2021-12-31,Dec,facebook,Comment,Raabiya,UsuarioD
2021-12-31,Dec,facebook,Comment,Denaya,UsuarioD
2021-12-31,Dec,instagram,Private,Caleb,UsuarioP
2021-12-31,Dec,instagram,Private,Jacob,UsuarioP
2021-12-31,Dec,instagram,Private,Marina,UsuarioH
2021-12-31,Dec,instagram,Private,Lexa,UsuarioL
2021-12-31,Dec,instagram,Private,Sana,UsuarioC
2021-12-31,Dec,facebook,Comment,Collin,UsuarioT
2021-12-31,Dec,facebook,Comment,Ilya,UsuarioF
2021-12-31,Dec,facebook,Comment,Juaquin,UsuarioG
2021-12-31,Dec,facebook,Comment,Faith,UsuarioJ
2021-12-31,Dec,facebook,Comment,Rutaiba,UsuarioQ
2021-12-31,Dec,instagram,Private,Quaylan,UsuarioC
2021-12-31,Dec,twitter,Private,Brittany,UsuarioQ
2021-12-31,Dec,facebook,Comment,Isaam,UsuarioM
2021-12-31,Dec,facebook,Comment,Mamoon,UsuarioI
2021-12-31,Dec,instagram,Comment,Wardiyya,UsuarioH
2021-12-31,Dec,facebook,Comment,Shaquille,UsuarioS
2021-12-31,Dec,instagram,Private,Angelica,UsuarioH
2021-12-31,Dec,twitter,Mention,Mateus,UsuarioU
2021-12-31,Dec,instagram,Comment,April,UsuarioM
2021-12-31,Dec,instagram,Private,Nawfa,UsuarioC
2021-12-31,Dec,instagram,Private,Aaron,UsuarioU
2021-12-31,Dec,instagram,Private,Kendrick,UsuarioQ
2021-12-31,Dec,facebook,Private,Fabio,UsuarioB
2021-12-31,Dec,twitter,Private,Sanjana,UsuarioI
2021-12-31,Dec,instagram,Comment,Suzanna,UsuarioC
2021-12-31,Dec,instagram,Private,Torrey,UsuarioB
2021-12-31,Dec,instagram,Private,Jade,UsuarioP
2021-12-31,Dec,instagram,Private,Mariah,UsuarioA
2021-12-31,Dec,instagram,Private,Jeana,UsuarioQ
2021-12-31,Dec,instagram,Private,Leticia,UsuarioG
2021-12-31,Dec,instagram,Private,Michelle,UsuarioA
2021-12-31,Dec,instagram,Private,Mikyla,UsuarioU
2021-12-31,Dec,facebook,Comment,Sajaa,UsuarioB
2021-12-31,Dec,instagram,Private,Taely,UsuarioQ
2021-12-31,Dec,instagram,Private,Janajah,UsuarioH
2021-12-31,Dec,instagram,Private,Taiseer,UsuarioP
2021-12-31,Dec,instagram,Comment,Mawzoona,UsuarioS
2021-12-31,Dec,instagram,Private,Julia,UsuarioD
2021-12-31,Dec,instagram,Private,Abbie,UsuarioP
2021-12-31,Dec,instagram,Private,Dewi,UsuarioJ
2021-12-31,Dec,instagram,Private,Da'Quasha,UsuarioS
2021-12-31,Dec,instagram,Private,Jesus,UsuarioF
2021-12-31,Dec,facebook,Private,Hilalia,UsuarioP
2021-12-31,Dec,instagram,Comment,Diana,UsuarioM
2021-12-31,Dec,instagram,Private,Amanda,UsuarioQ
2021-12-31,Dec,facebook,Private,Paige,UsuarioF
2021-12-31,Dec,instagram,Private,Sabrina,UsuarioB
2021-12-31,Dec,facebook,Comment,Sultan,UsuarioH
2021-12-31,Dec,facebook,Comment,Taqi,UsuarioC
2021-12-31,Dec,facebook,Comment,Mishaari,UsuarioP
2021-12-31,Dec,facebook,Comment,Jereme-Ashlee,UsuarioF
2021-12-31,Dec,instagram,Comment,Olivia,UsuarioD
2021-12-31,Dec,instagram,Comment,Saami,UsuarioH
2021-12-31,Dec,instagram,Comment,Lizbeth,UsuarioC
2021-12-31,Dec,instagram,Comment,Shanequa,UsuarioA
2021-12-31,Dec,instagram,Comment,Saahira,UsuarioD
2021-12-31,Dec,instagram,Comment,Faarooq,UsuarioC
2021-12-31,Dec,instagram,Comment,Chiao-Chieh,UsuarioL
2021-12-31,Dec,instagram,Comment,Jason,UsuarioI
2021-12-31,Dec,instagram,Comment,Mutlaq,UsuarioJ
2021-12-31,Dec,instagram,Private,Anna,UsuarioF
2021-12-31,Dec,instagram,Comment,Cinthia,UsuarioM
2021-12-31,Dec,instagram,Comment,Canion,UsuarioC
2021-12-31,Dec,instagram,Private,Maria,UsuarioL
2021-12-31,Dec,instagram,Private,Tuyen Aalexis,UsuarioB
2021-12-31,Dec,instagram,Comment,Angelica,UsuarioJ
2021-12-31,Dec,instagram,Private,Shavonne,UsuarioF
2021-12-31,Dec,instagram,Private,Henry,UsuarioH
2021-12-31,Dec,instagram,Private,Carlos,UsuarioH
2021-12-31,Dec,facebook,Comment,Fabio,UsuarioD
2021-12-31,Dec,instagram,Comment,Hissa,UsuarioF
2021-12-31,Dec,instagram,Private,Danielle,UsuarioJ
2021-12-31,Dec,instagram,Comment,Javonte,UsuarioH
2021-12-31,Dec,instagram,Private,Charles,UsuarioH
2021-12-31,Dec,instagram,Comment,Ju-Young,UsuarioE
2021-12-31,Dec,instagram,Private,Adeeba,UsuarioT
2021-12-31,Dec,instagram,Comment,Marquis,UsuarioL
2021-12-31,Dec,instagram,Private,Hikma,UsuarioC
2021-12-31,Dec,instagram,Private,Jerome,UsuarioA
2021-12-31,Dec,instagram,Private,Kayla,UsuarioF
2021-12-31,Dec,instagram,Private,Yadira,UsuarioQ
2021-12-31,Dec,facebook,Comment,Taryn,UsuarioJ
2021-12-31,Dec,instagram,Private,Shawna,UsuarioP
2021-12-30,Dec,instagram,Private,Julian,UsuarioP
2021-12-30,Dec,instagram,Private,Veronica,UsuarioP
2021-12-30,Dec,instagram,Private,Najeeb,UsuarioP
2021-12-30,Dec,facebook,Comment,Marisa,UsuarioR
2021-12-30,Dec,instagram,Private,Ramon,UsuarioF
2021-12-30,Dec,instagram,Private,Khadeeja,UsuarioR
2021-12-30,Dec,instagram,Private,Ian,UsuarioN
2021-12-30,Dec,instagram,Private,Cassidy,UsuarioA
2021-12-30,Dec,instagram,Private,Dominique,UsuarioI
2021-12-30,Dec,instagram,Comment,Mumtaaza,UsuarioH
2021-12-30,Dec,instagram,Private,Linford,UsuarioC
2021-12-30,Dec,instagram,Private,Oscar,UsuarioC
2021-12-30,Dec,instagram,Private,Mubashshir,UsuarioU
2021-12-30,Dec,facebook,Comment,Rosie,UsuarioN
2021-12-30,Dec,instagram,Private,Bento,UsuarioF
2021-12-30,Dec,facebook,Comment,Kendrick,UsuarioB
2021-12-30,Dec,instagram,Private,Christina,UsuarioD
2021-12-30,Dec,instagram,Comment,Paris,UsuarioJ
2021-12-30,Dec,instagram,Private,Kelvin,UsuarioM
2021-12-30,Dec,instagram,Private,Khamel,UsuarioI
2021-12-30,Dec,instagram,Private,Zaahid,UsuarioS
2021-12-30,Dec,instagram,Private,Bento,UsuarioS
2021-12-30,Dec,instagram,Private,Melissa,UsuarioJ
2021-12-30,Dec,instagram,Private,Orion,UsuarioS
2021-12-30,Dec,instagram,Private,Astitwa,UsuarioR
2021-12-30,Dec,facebook,Mention,Lubaaba,UsuarioQ
2021-12-30,Dec,instagram,Comment,Antonette,UsuarioI
2021-12-30,Dec,instagram,Private,Claire,UsuarioJ
2021-12-30,Dec,instagram,Private,Jasmine,UsuarioC
2021-12-30,Dec,instagram,Private,Zainab,UsuarioS
2021-12-30,Dec,instagram,Private,Rajaa,UsuarioT
2021-12-30,Dec,instagram,Private,Hernan,UsuarioT
2021-12-30,Dec,facebook,Comment,Slesha,UsuarioB
2021-12-30,Dec,instagram,Private,Tiffany,UsuarioJ
2021-12-30,Dec,instagram,Private,Jesse,UsuarioM
2021-12-30,Dec,instagram,Private,Anthony,UsuarioO
2021-12-30,Dec,instagram,Private,Jade,UsuarioB
2021-12-30,Dec,instagram,Comment,Neema,UsuarioL
2021-12-30,Dec,instagram,Private,Janaina,UsuarioF
2021-12-30,Dec,instagram,Private,Contessa,UsuarioD
2021-12-30,Dec,facebook,Private,Saafiyya,UsuarioH
2021-12-30,Dec,instagram,Private,Caleb,UsuarioQ
2021-12-30,Dec,instagram,Comment,Janaina,UsuarioB
2021-12-30,Dec,instagram,Private,Hissa,UsuarioI
2021-12-30,Dec,instagram,Private,Sidney,UsuarioA
2021-12-30,Dec,instagram,Private,Alexander,UsuarioJ
2021-12-30,Dec,instagram,Comment,Kurtiz,UsuarioJ
2021-12-30,Dec,facebook,Private,Fabio,UsuarioP
2021-12-30,Dec,instagram,Private,Gabriel,UsuarioJ
2021-12-30,Dec,instagram,Private,Fernando,UsuarioQ
2021-12-30,Dec,instagram,Private,Keila,UsuarioN
2021-12-30,Dec,instagram,Comment,Morgann,UsuarioU
2021-12-30,Dec,instagram,Private,Diana,UsuarioA
2021-12-30,Dec,instagram,Private,Angel,UsuarioS
2021-12-30,Dec,twitter,Private,Derrick,UsuarioS
2021-12-30,Dec,instagram,Comment,Joan,UsuarioT
2021-12-30,Dec,instagram,Private,Damariz,UsuarioF
2021-12-30,Dec,instagram,Private,Jessica,UsuarioP
2021-12-30,Dec,instagram,Private,Joseph,UsuarioA
2021-12-30,Dec,instagram,Private,Aaron,UsuarioT
2021-12-30,Dec,instagram,Private,Dionte,UsuarioD
2021-12-30,Dec,instagram,Comment,Avery,UsuarioJ
2021-12-30,Dec,instagram,Private,Nassaar,UsuarioL
2021-12-30,Dec,instagram,Private,Chandra,UsuarioR
2021-12-30,Dec,instagram,Private,Zhoumingshi,UsuarioF
2021-12-30,Dec,instagram,Private,Rachel,UsuarioP
2021-12-30,Dec,instagram,Private,Sharon,UsuarioN
2021-12-30,Dec,twitter,Private,Mikayla,UsuarioN
2021-12-30,Dec,instagram,Private,Bento,UsuarioP
2021-12-30,Dec,instagram,Comment,Muhaajir,UsuarioN
2021-12-30,Dec,instagram,Private,Trent,UsuarioI
2021-12-30,Dec,facebook,Private,Shawn,UsuarioJ
2021-12-30,Dec,facebook,Private,Laaiqa,UsuarioR
2021-12-30,Dec,instagram,Private,Austin,UsuarioC
2021-12-30,Dec,facebook,Private,Jasmine,UsuarioB
2021-12-30,Dec,instagram,Comment,Mateus,UsuarioC
2021-12-30,Dec,instagram,Private,Breanna,UsuarioM
2021-12-30,Dec,instagram,Private,Larry,UsuarioP
2021-12-30,Dec,instagram,Private,Nikka,UsuarioC
2021-12-30,Dec,facebook,Private,Sebastien,UsuarioB
2021-12-30,Dec,instagram,Comment,Shawn,UsuarioC
2021-12-30,Dec,instagram,Private,Waliyya,UsuarioU
2021-12-30,Dec,twitter,Mention,Mallory,UsuarioQ
2021-12-30,Dec,instagram,Private,Joseph,UsuarioC
2021-12-30,Dec,instagram,Private,Kristina,UsuarioD
2021-12-30,Dec,facebook,Comment,Alexandra,UsuarioP
2021-12-30,Dec,instagram,Comment,Brittney,UsuarioH
2021-12-30,Dec,instagram,Private,Michelle,UsuarioQ
2021-12-30,Dec,instagram,Private,Angelina,UsuarioP
2021-12-30,Dec,instagram,Private,Marcus,UsuarioJ
2021-12-30,Dec,instagram,Private,Daneen,UsuarioB
2021-12-30,Dec,instagram,Private,Leslie,UsuarioC
2021-12-30,Dec,instagram,Comment,Alexander,UsuarioS
2021-12-30,Dec,instagram,Comment,Codie,UsuarioC
2021-12-30,Dec,facebook,Private,Julanne,UsuarioM
2021-12-30,Dec,instagram,Private,Aqeel,UsuarioJ
2021-12-30,Dec,instagram,Private,Abbey,UsuarioJ
2021-12-30,Dec,instagram,Private,Paulo,UsuarioE
2021-12-30,Dec,facebook,Private,Dmitri,UsuarioH
2021-12-30,Dec,facebook,Comment,Luz,UsuarioA
2021-12-30,Dec,instagram,Private,Katherine,UsuarioJ
2021-12-30,Dec,instagram,Comment,Nia'Imani,UsuarioJ
2021-12-30,Dec,instagram,Private,Alejandro,UsuarioS
2021-12-30,Dec,instagram,Private,Chantel,UsuarioB
2021-12-30,Dec,instagram,Private,Dhaakir,UsuarioH
2021-12-30,Dec,instagram,Private,Saabira,UsuarioI
2021-12-30,Dec,instagram,Private,Safiya,UsuarioN
2021-12-30,Dec,instagram,Private,Luke,UsuarioQ
2021-12-30,Dec,instagram,Comment,Oscar,UsuarioA
2021-12-30,Dec,instagram,Private,Arhab,UsuarioI
2021-12-30,Dec,facebook,Private,Canion,UsuarioD
2021-12-30,Dec,instagram,Private,Janaina,UsuarioH
2021-12-30,Dec,instagram,Private,Bryan,UsuarioE
2021-12-30,Dec,facebook,Comment,Kelsey,UsuarioI
2021-12-30,Dec,instagram,Comment,Chantal,UsuarioO
2021-12-30,Dec,instagram,Private,Safaaa,UsuarioI
2021-12-30,Dec,instagram,Private,Raymond,UsuarioC
2021-12-30,Dec,instagram,Private,Rayel,UsuarioI
2021-12-30,Dec,instagram,Private,Nicholas,UsuarioP
2021-12-30,Dec,instagram,Comment,Paulo,UsuarioU
2021-12-30,Dec,instagram,Comment,Brian,UsuarioS
2021-12-30,Dec,instagram,Comment,Baaqir,UsuarioL
2021-12-30,Dec,twitter,Private,Abdul Kareem,UsuarioQ
2021-12-30,Dec,facebook,Comment,Eli,UsuarioH
2021-12-30,Dec,instagram,Private,Kathryn,UsuarioJ
2021-12-30,Dec,facebook,Private,Logan,UsuarioQ
2021-12-30,Dec,instagram,Private,Jalen,UsuarioF
2021-12-30,Dec,instagram,Private,Barbara,UsuarioP
2021-12-30,Dec,instagram,Private,Adeeba,UsuarioF
2021-12-30,Dec,instagram,Comment,Joel,UsuarioJ
2021-12-30,Dec,instagram,Private,Daniel,UsuarioC
2021-12-30,Dec,twitter,Private,Brittanyclaire,UsuarioP
2021-12-30,Dec,instagram,Comment,Sabrina,UsuarioL
2021-12-30,Dec,instagram,Private,Rif'a,UsuarioB
2021-12-30,Dec,instagram,Comment,Misbaah,UsuarioA
2021-12-30,Dec,instagram,Private,Agustine,UsuarioF
2021-12-30,Dec,instagram,Private,Mugahid,UsuarioO
2021-12-30,Dec,instagram,Private,Kristjan,UsuarioH
2021-12-30,Dec,instagram,Comment,Muhammad,UsuarioD
2021-12-30,Dec,instagram,Private,Allison,UsuarioF
2021-12-30,Dec,instagram,Private,Kevin,UsuarioH
2021-12-30,Dec,instagram,Private,Rita,UsuarioF
2021-12-30,Dec,instagram,Private,Jalen,UsuarioJ
2021-12-30,Dec,instagram,Private,Jonatan,UsuarioJ
2021-12-30,Dec,instagram,Private,Breaunna,UsuarioD
2021-12-30,Dec,instagram,Private,Ricky,UsuarioH
2021-12-30,Dec,instagram,Private,Imtinaan,UsuarioJ
2021-12-30,Dec,instagram,Private,Condeladio,UsuarioH
2021-12-30,Dec,instagram,Comment,Adam,UsuarioD
2021-12-30,Dec,instagram,Private,Marcus,UsuarioL
2021-12-30,Dec,instagram,Private,Erik,UsuarioI
2021-12-30,Dec,facebook,Private,Manish,UsuarioH
2021-12-30,Dec,instagram,Private,Stacey,UsuarioA
2021-12-30,Dec,instagram,Private,Giovanni,UsuarioD
2021-12-30,Dec,facebook,Mention,Michael,UsuarioP
2021-12-30,Dec,instagram,Comment,Fabio,UsuarioQ
2021-12-30,Dec,instagram,Private,Alana,UsuarioL
2021-12-30,Dec,instagram,Private,Aranda,UsuarioB
2021-12-30,Dec,instagram,Private,Aphisitt,UsuarioQ
2021-12-30,Dec,instagram,Private,Chelsea,UsuarioF
2021-12-30,Dec,instagram,Private,Chaerin,UsuarioQ
2021-12-30,Dec,facebook,Private,Raabia,UsuarioU
2021-12-30,Dec,instagram,Private,Eduarda,UsuarioD
2021-12-30,Dec,facebook,Private,Nicole,UsuarioP
2021-12-30,Dec,instagram,Private,Bob,UsuarioU
2021-12-30,Dec,instagram,Private,Ron,UsuarioL
2021-12-30,Dec,instagram,Private,Amara,UsuarioF
2021-12-30,Dec,twitter,Private,Werner,UsuarioP
2021-12-30,Dec,instagram,Private,Kaazima,UsuarioJ
2021-12-30,Dec,facebook,Private,Giovanni,UsuarioD
2021-12-30,Dec,instagram,Comment,Jesse,UsuarioI
2021-12-30,Dec,facebook,Private,Neil,UsuarioD
2021-12-30,Dec,instagram,Comment,Maria,UsuarioF
2021-12-30,Dec,facebook,Mention,Gabrielle,UsuarioQ
2021-12-30,Dec,instagram,Comment,Liya,UsuarioC
2021-12-30,Dec,instagram,Private,Judah,UsuarioC
2021-12-30,Dec,instagram,Private,Adrian,UsuarioI
2021-12-30,Dec,instagram,Private,Marcus,UsuarioT
2021-12-30,Dec,facebook,Private,Patrick,UsuarioC
2021-12-30,Dec,facebook,Private,Derreck,UsuarioE
2021-12-30,Dec,instagram,Private,Katie,UsuarioH
2021-12-30,Dec,instagram,Private,Polina,UsuarioI
2021-12-30,Dec,instagram,Comment,Nathan,UsuarioA
2021-12-30,Dec,instagram,Comment,Abigail,UsuarioH
2021-12-30,Dec,instagram,Comment,Alexandria,UsuarioF
2021-12-30,Dec,twitter,Public Tweet,Nawfal,UsuarioR
2021-12-30,Dec,instagram,Private,Waseef,UsuarioQ
2021-12-30,Dec,instagram,Private,Allison,UsuarioH
2021-12-30,Dec,instagram,Private,Gabriel,UsuarioQ
2021-12-30,Dec,instagram,Private,Kiralyn,UsuarioS
2021-12-30,Dec,instagram,Private,Jamie,UsuarioT
2021-12-30,Dec,instagram,Private,Ghaali,UsuarioD
2021-12-30,Dec,instagram,Comment,Brian,UsuarioC
2021-12-30,Dec,instagram,Private,Taajuddeen,UsuarioN
2021-12-30,Dec,instagram,Private,Alejandro,UsuarioT
2021-12-30,Dec,facebook,Private,Maria,UsuarioT
2021-12-30,Dec,instagram,Private,Samuel,UsuarioJ
2021-12-30,Dec,instagram,Private,Mutlaq,UsuarioC
2021-12-30,Dec,instagram,Private,Thomas,UsuarioI
2021-12-30,Dec,instagram,Comment,Dhaki,UsuarioE
2021-12-30,Dec,instagram,Private,Christopher,UsuarioC
2021-12-30,Dec,twitter,Mention,Sansom,UsuarioE
2021-12-30,Dec,instagram,Private,Arnulfo,UsuarioI
2021-12-30,Dec,instagram,Private,Zacarias,UsuarioJ
2021-12-30,Dec,instagram,Private,Duncan,UsuarioM
2021-12-30,Dec,instagram,Private,Monaye,UsuarioJ
2021-12-30,Dec,instagram,Private,Tyler,UsuarioQ
2021-12-30,Dec,instagram,Private,Edgar,UsuarioB
2021-12-30,Dec,instagram,Private,Mastoor,UsuarioD
2021-12-30,Dec,instagram,Private,Kayla,UsuarioU
2021-12-30,Dec,instagram,Comment,Suhaib,UsuarioQ
2021-12-30,Dec,instagram,Private,Lakota,UsuarioC
2021-12-30,Dec,instagram,Private,Alexandra,UsuarioP
2021-12-30,Dec,instagram,Private,Tyler,UsuarioI
2021-12-30,Dec,instagram,Comment,Jose,UsuarioC
2021-12-30,Dec,twitter,Mention,Louis,UsuarioD
2021-12-30,Dec,instagram,Private,Raabiya,UsuarioD
2021-12-30,Dec,instagram,Private,Shalynn,UsuarioA
2021-12-30,Dec,facebook,Private,Caleb,UsuarioG
2021-12-30,Dec,instagram,Private,Veronica,UsuarioC
2021-12-30,Dec,facebook,Private,Manuel,UsuarioS
2021-12-30,Dec,twitter,Mention,Cassidy,UsuarioI
2021-12-30,Dec,instagram,Private,Tristin,UsuarioJ
2021-12-30,Dec,facebook,Private,Ceirra,UsuarioP
2021-12-30,Dec,instagram,Private,Steven,UsuarioA
2021-12-30,Dec,instagram,Private,Jamie Lee,UsuarioF
2021-12-30,Dec,instagram,Comment,Kwang,UsuarioJ
2021-12-30,Dec,instagram,Private,Christopher,UsuarioB
2021-12-30,Dec,instagram,Comment,Maria,UsuarioP
2021-12-30,Dec,instagram,Private,Rif'a,UsuarioJ
2021-12-30,Dec,instagram,Private,Talehia,UsuarioD
2021-12-30,Dec,instagram,Comment,Muneera,UsuarioJ
2021-12-30,Dec,instagram,Private,Leyla,UsuarioF
2021-12-30,Dec,instagram,Comment,Talia,UsuarioP
2021-12-30,Dec,instagram,Comment,Lavelle,UsuarioJ
2021-12-30,Dec,instagram,Comment,Davis,UsuarioF
2021-12-30,Dec,instagram,Comment,Aaron,UsuarioC
2021-12-30,Dec,instagram,Comment,Yal,UsuarioJ
2021-12-30,Dec,instagram,Comment,Jesse,UsuarioJ
2021-12-30,Dec,instagram,Private,Miguel,UsuarioH
2021-12-30,Dec,instagram,Comment,Angel,UsuarioA
2021-12-30,Dec,instagram,Comment,Soledad,UsuarioB
2021-12-30,Dec,twitter,Public Tweet,Anthony,UsuarioQ
2021-12-30,Dec,instagram,Private,Alyssa,UsuarioC
2021-12-30,Dec,instagram,Private,Sean,UsuarioQ
2021-12-30,Dec,instagram,Private,Koji,UsuarioC
2021-12-30,Dec,facebook,Comment,Brittany,UsuarioH
2021-12-30,Dec,facebook,Wall post,Tyler,UsuarioD
2021-12-30,Dec,instagram,Comment,Natalie,UsuarioA
2021-12-30,Dec,instagram,Comment,Ka,UsuarioP
2021-12-30,Dec,instagram,Comment,Daniel,UsuarioF
2021-12-30,Dec,instagram,Comment,Karl,UsuarioQ
2021-12-30,Dec,instagram,Comment,Meeka,UsuarioI
2021-12-30,Dec,instagram,Private,Luis,UsuarioC
2021-12-30,Dec,facebook,Comment,Haatim,UsuarioH
2021-12-30,Dec,instagram,Private,Oscar,UsuarioA
2021-12-30,Dec,instagram,Private,Shaniya,UsuarioF
2021-12-30,Dec,instagram,Private,Danton,UsuarioP
2021-12-30,Dec,instagram,Private,Arlene,UsuarioC
2021-12-30,Dec,instagram,Private,Mikayla,UsuarioL
2021-12-30,Dec,instagram,Comment,Juwairiya,UsuarioP
2021-12-30,Dec,instagram,Comment,Tahaani,UsuarioI
2021-12-30,Dec,instagram,Comment,Anderson,UsuarioI
2021-12-30,Dec,instagram,Private,Logan,UsuarioH
2021-12-30,Dec,instagram,Comment,Candace,UsuarioR
2021-12-30,Dec,instagram,Private,Sanjana,UsuarioJ
2021-12-30,Dec,facebook,Private,Shawn,UsuarioH
2021-12-30,Dec,instagram,Private,Eric,UsuarioQ
2021-12-30,Dec,instagram,Private,Gabriela,UsuarioJ
2021-12-30,Dec,instagram,Private,Luanne,UsuarioJ
2021-12-30,Dec,facebook,Private,Stephen,UsuarioA
2021-12-30,Dec,instagram,Private,Mateus,UsuarioN
2021-12-30,Dec,instagram,Private,Maleeha,UsuarioI
2021-12-30,Dec,instagram,Private,Shawn,UsuarioI
2021-12-30,Dec,instagram,Private,Mujaahida,UsuarioJ
2021-12-30,Dec,twitter,Private,Shiann,UsuarioD
2021-12-30,Dec,instagram,Private,Chazz,UsuarioI
2021-12-30,Dec,instagram,Private,Kjelson,UsuarioB
2021-12-30,Dec,instagram,Private,Patrick,UsuarioI
2021-12-30,Dec,instagram,Private,Cheyenne,UsuarioD
2021-12-30,Dec,instagram,Private,Ali,UsuarioT
2021-12-30,Dec,instagram,Private,Kristoffer,UsuarioD
2021-12-30,Dec,facebook,Comment,Henley,UsuarioB
2021-12-30,Dec,instagram,Private,Alex,UsuarioI
2021-12-30,Dec,instagram,Private,Jiyaad,UsuarioA
2021-12-30,Dec,instagram,Private,Abdus Samad,UsuarioI
2021-12-30,Dec,instagram,Private,Quinn,UsuarioO
2021-12-30,Dec,instagram,Private,Austin,UsuarioT
2021-12-30,Dec,instagram,Private,Anhisha,UsuarioH
2021-12-30,Dec,instagram,Private,Kayla,UsuarioA
2021-12-30,Dec,instagram,Private,Evan,UsuarioH
2021-12-30,Dec,instagram,Private,Shawn,UsuarioD
2021-12-30,Dec,instagram,Private,Decarlo,UsuarioN
2021-12-30,Dec,instagram,Private,Gage,UsuarioH
2021-12-30,Dec,instagram,Private,Elizabeth,UsuarioS
2021-12-30,Dec,instagram,Private,Alani,UsuarioE
2021-12-30,Dec,instagram,Private,Ayyoob,UsuarioM
2021-12-30,Dec,instagram,Private,Jordan,UsuarioC
2021-12-30,Dec,instagram,Private,Elizabeth,UsuarioC
2021-12-30,Dec,facebook,Mention,Cadin,UsuarioM
2021-12-30,Dec,instagram,Private,Eduarda,UsuarioP
2021-12-30,Dec,instagram,Private,Ghaaliba,UsuarioJ
2021-12-30,Dec,instagram,Private,Jasper,UsuarioF
2021-12-30,Dec,instagram,Private,Katrina,UsuarioP
2021-12-30,Dec,twitter,Mention,Natalia,UsuarioH
2021-12-30,Dec,instagram,Private,Marcela,UsuarioF
2021-12-30,Dec,instagram,Private,Paulo,UsuarioF
2021-12-30,Dec,facebook,Comment,Sabrina,UsuarioJ
2021-12-30,Dec,facebook,Wall post,Jesse,UsuarioF
2021-12-30,Dec,instagram,Private,Alexandria,UsuarioF
2021-12-30,Dec,instagram,Private,Angelica,UsuarioH
2021-12-30,Dec,instagram,Private,Carlos,UsuarioQ
2021-12-30,Dec,instagram,Private,Jacen,UsuarioI
2021-12-30,Dec,instagram,Private,Jorge,UsuarioA
2021-12-30,Dec,instagram,Comment,Tamara,UsuarioG
2021-12-30,Dec,instagram,Private,Najaal,UsuarioL
2021-12-30,Dec,facebook,Private,Jordan,UsuarioJ
2021-12-30,Dec,facebook,Private,Shane,UsuarioA
2021-12-30,Dec,instagram,Private,Dalton,UsuarioB
2021-12-30,Dec,instagram,Private,Rocky,UsuarioB
2021-12-30,Dec,instagram,Private,Chantal,UsuarioF
2021-12-30,Dec,instagram,Private,Lien,UsuarioC
2021-12-30,Dec,instagram,Private,Evan,UsuarioS
2021-12-30,Dec,facebook,Comment,Mahaa,UsuarioA
2021-12-30,Dec,instagram,Private,Caleb,UsuarioC
2021-12-30,Dec,instagram,Private,Mezan,UsuarioJ
2021-12-30,Dec,instagram,Private,Jordan,UsuarioU
2021-12-30,Dec,instagram,Private,Baylee,UsuarioF
2021-12-30,Dec,instagram,Private,Paulo,UsuarioP
2021-12-30,Dec,instagram,Private,Alexandria,UsuarioC
2021-12-30,Dec,instagram,Private,Llewelgene,UsuarioN
2021-12-30,Dec,instagram,Private,Jesse,UsuarioP
2021-12-30,Dec,instagram,Private,Jaasir,UsuarioN
2021-12-30,Dec,twitter,Private,Avinice,UsuarioQ
2021-12-30,Dec,facebook,Mention,Daejha,UsuarioJ
2021-12-30,Dec,facebook,Comment,Fawqiyya,UsuarioA
2021-12-30,Dec,facebook,Private,Desana,UsuarioM
2021-12-30,Dec,instagram,Private,Setu,UsuarioT
2021-12-30,Dec,instagram,Private,Josiah,UsuarioH
2021-12-30,Dec,instagram,Private,Heath,UsuarioC
2021-12-30,Dec,instagram,Private,Ramona,UsuarioQ
2021-12-30,Dec,instagram,Private,Alison,UsuarioB
2021-12-30,Dec,instagram,Private,Sajiyya,UsuarioS
2021-12-30,Dec,instagram,Private,Maranda,UsuarioL
2021-12-30,Dec,instagram,Private,Sharmella,UsuarioT
2021-12-30,Dec,instagram,Private,Osvaldo,UsuarioD
2021-12-30,Dec,instagram,Private,Daniel,UsuarioN
2021-12-30,Dec,instagram,Private,Denise,UsuarioE
2021-12-30,Dec,instagram,Private,Missael,UsuarioH
2021-12-30,Dec,facebook,Comment,Johnathan,UsuarioS
2021-12-30,Dec,instagram,Private,Bilaal,UsuarioJ
2021-12-30,Dec,facebook,Private,Zaahid,UsuarioD
2021-12-30,Dec,facebook,Private,Amy,UsuarioJ
2021-12-30,Dec,instagram,Private,Angelica,UsuarioM
2021-12-30,Dec,facebook,Comment,Cindy,UsuarioI
2021-12-30,Dec,instagram,Private,Luna,UsuarioQ
2021-12-30,Dec,facebook,Comment,Michael,UsuarioJ
2021-12-30,Dec,instagram,Private,Andrea,UsuarioB
2021-12-30,Dec,instagram,Private,Makayla,UsuarioI
2021-12-30,Dec,instagram,Private,Jaabir,UsuarioF
2021-12-30,Dec,instagram,Private,Sara,UsuarioP
2021-12-30,Dec,instagram,Private,Peter,UsuarioA
2021-12-30,Dec,instagram,Private,Nakheel,UsuarioC
2021-12-30,Dec,instagram,Private,Dewi,UsuarioQ
2021-12-30,Dec,instagram,Private,Zacarias,UsuarioH
2021-12-30,Dec,facebook,Private,Cheyenne,UsuarioT
2021-12-30,Dec,instagram,Private,Arianne,UsuarioT
2021-12-30,Dec,instagram,Private,Anakin,UsuarioB
2021-12-30,Dec,instagram,Private,Joseph,UsuarioT
2021-12-30,Dec,instagram,Private,Karen,UsuarioH
2021-12-30,Dec,instagram,Private,Jackson,UsuarioP
2021-12-30,Dec,instagram,Private,Ryan,UsuarioH
2021-12-30,Dec,facebook,Comment,Lynn,UsuarioC
2021-12-30,Dec,instagram,Private,Martin,UsuarioH
2021-12-30,Dec,instagram,Private,Avery,UsuarioF
2021-12-30,Dec,instagram,Private,Julianna,UsuarioQ
2021-12-30,Dec,instagram,Private,Mutlaq,UsuarioS
2021-12-30,Dec,instagram,Private,Dillon,UsuarioC
2021-12-30,Dec,instagram,Private,Diamond,UsuarioD
2021-12-30,Dec,instagram,Private,Isaac,UsuarioH
2021-12-30,Dec,instagram,Private,Neema,UsuarioF
2021-12-30,Dec,instagram,Private,Tanner,UsuarioG
2021-12-30,Dec,instagram,Private,Arielle,UsuarioQ
2021-12-30,Dec,instagram,Private,Nisma,UsuarioR
2021-12-30,Dec,instagram,Private,Lakota,UsuarioM
2021-12-30,Dec,facebook,Private,Mujaahida,UsuarioC
2021-12-30,Dec,instagram,Private,Anthony,UsuarioN
2021-12-30,Dec,instagram,Comment,Clay,UsuarioA
2021-12-30,Dec,instagram,Private,Roman,UsuarioM
2021-12-30,Dec,instagram,Private,Bento,UsuarioP
2021-12-30,Dec,instagram,Private,Karie,UsuarioS
2021-12-30,Dec,facebook,Private,Joanna,UsuarioE
2021-12-30,Dec,instagram,Private,Hannah,UsuarioL
2021-12-30,Dec,instagram,Private,Umaira,UsuarioJ
2021-12-29,Dec,instagram,Private,Maisara,UsuarioM
2021-12-29,Dec,facebook,Comment,Nataya,UsuarioB
2021-12-29,Dec,instagram,Private,Anjel,UsuarioL
2021-12-29,Dec,instagram,Private,Benjamin,UsuarioH
2021-12-29,Dec,instagram,Private,Dylan,UsuarioH
2021-12-29,Dec,instagram,Private,Janaina,UsuarioL
2021-12-29,Dec,instagram,Private,Kentasha,UsuarioU
2021-12-29,Dec,instagram,Private,Henry,UsuarioB
2021-12-29,Dec,instagram,Private,Jamiley,UsuarioL
2021-12-29,Dec,instagram,Private,Deja,UsuarioJ
2021-12-29,Dec,instagram,Private,Ye,UsuarioB
2021-12-29,Dec,instagram,Comment,Dashick,UsuarioA
2021-12-29,Dec,instagram,Private,Willanna,UsuarioF
2021-12-29,Dec,instagram,Comment,Hudhaifa,UsuarioH
2021-12-29,Dec,instagram,Comment,Olivia,UsuarioA
2021-12-29,Dec,instagram,Private,Muthanna,UsuarioF
2021-12-29,Dec,instagram,Private,Lavelle,UsuarioD
2021-12-29,Dec,facebook,Comment,Jessica,UsuarioN
2021-12-29,Dec,instagram,Private,Martin,UsuarioJ
2021-12-29,Dec,instagram,Private,Cheyenne,UsuarioS
2021-12-29,Dec,instagram,Private,Renee,UsuarioD
2021-12-29,Dec,facebook,Comment,Sean,UsuarioL
2021-12-29,Dec,facebook,Private,Diego,UsuarioJ
2021-12-29,Dec,instagram,Private,Luanne,UsuarioT
2021-12-29,Dec,instagram,Private,Nawfal,UsuarioQ
2021-12-29,Dec,instagram,Private,Equira,UsuarioJ
2021-12-29,Dec,twitter,Private,Angelika,UsuarioP
2021-12-29,Dec,instagram,Private,Kamrin,UsuarioN
2021-12-29,Dec,instagram,Private,Aaron,UsuarioI
2021-12-29,Dec,facebook,Private,Anthony,UsuarioA
2021-12-29,Dec,facebook,Private,Thanhha,UsuarioH
2021-12-29,Dec,instagram,Private,Funmilayo,UsuarioC
2021-12-29,Dec,instagram,Private,Osbaldo,UsuarioS
2021-12-29,Dec,instagram,Private,Brycen,UsuarioE
2021-12-29,Dec,instagram,Private,Elizabeth,UsuarioH
2021-12-29,Dec,instagram,Private,Maxx,UsuarioA
2021-12-29,Dec,instagram,Private,Caleb,UsuarioC
2021-12-29,Dec,instagram,Private,Jamarcus,UsuarioB
2021-12-29,Dec,instagram,Comment,Elyse,UsuarioD
2021-12-29,Dec,instagram,Private,Fernando,UsuarioI
2021-12-29,Dec,facebook,Comment,Thomas,UsuarioR
2021-12-29,Dec,twitter,Mention,Vincent,UsuarioN
2021-12-29,Dec,facebook,Comment,Michal,UsuarioF
2021-12-29,Dec,instagram,Private,Sabaah,UsuarioJ
2021-12-29,Dec,instagram,Private,Najiyya,UsuarioL
2021-12-29,Dec,instagram,Private,Nathan,UsuarioK
2021-12-29,Dec,instagram,Private,Tamera,UsuarioS
2021-12-29,Dec,facebook,Comment,Leonard,UsuarioI
2021-12-29,Dec,instagram,Private,Adeeba,UsuarioH
2021-12-29,Dec,instagram,Private,Kayla,UsuarioH
2021-12-29,Dec,facebook,Comment,Luke,UsuarioJ
2021-12-29,Dec,instagram,Private,Hector,UsuarioL
2021-12-29,Dec,instagram,Private,Bobby,UsuarioL
2021-12-29,Dec,facebook,Private,James,UsuarioU
2021-12-29,Dec,instagram,Private,Grace,UsuarioI
2021-12-29,Dec,instagram,Comment,Jordan,UsuarioF
2021-12-29,Dec,instagram,Private,Hannah,UsuarioN
2021-12-29,Dec,facebook,Comment,Othell,UsuarioJ
2021-12-29,Dec,instagram,Private,Mikaela,UsuarioC
2021-12-29,Dec,facebook,Comment,Fabio,UsuarioP
2021-12-29,Dec,instagram,Private,Julia,UsuarioP
2021-12-29,Dec,instagram,Private,Hayleigh,UsuarioJ
2021-12-29,Dec,twitter,Mention,Richard,UsuarioM
2021-12-29,Dec,facebook,Private,Rebecca,UsuarioH
2021-12-29,Dec,instagram,Private,Eduarda,UsuarioP
2021-12-29,Dec,twitter,Private,Kaylynn,UsuarioP
2021-12-29,Dec,instagram,Private,Ron,UsuarioC
2021-12-29,Dec,instagram,Comment,Mondell,UsuarioL
2021-12-29,Dec,twitter,Private,Sadoon,UsuarioH
2021-12-29,Dec,instagram,Private,Luqmaan,UsuarioN
2021-12-29,Dec,facebook,Comment,Mariah,UsuarioF
2021-12-29,Dec,facebook,Comment,Rachel,UsuarioD
2021-12-29,Dec,facebook,Private,Mahaa,UsuarioD
2021-12-29,Dec,instagram,Private,Jaicee,UsuarioR
2021-12-29,Dec,facebook,Comment,Gabriella,UsuarioL
2021-12-29,Dec,facebook,Comment,Darius,UsuarioI
2021-12-29,Dec,facebook,Comment,Bob,UsuarioQ
2021-12-29,Dec,facebook,Comment,Jasmine,UsuarioJ
2021-12-29,Dec,facebook,Comment,David,UsuarioB
2021-12-29,Dec,instagram,Comment,Kimberly,UsuarioF
2021-12-29,Dec,instagram,Comment,Derek,UsuarioJ
2021-12-29,Dec,instagram,Private,Beatriz,UsuarioN
2021-12-29,Dec,instagram,Private,Randy,UsuarioP
2021-12-29,Dec,instagram,Private,Rahma,UsuarioG
2021-12-29,Dec,instagram,Private,Deeplata,UsuarioU
2021-12-29,Dec,instagram,Private,Sumayya,UsuarioK
2021-12-29,Dec,instagram,Private,Tammy,UsuarioH
2021-12-29,Dec,instagram,Private,Mikell,UsuarioI
2021-12-29,Dec,instagram,Private,Christine,UsuarioL
2021-12-29,Dec,instagram,Private,Deondre,UsuarioP
2021-12-29,Dec,instagram,Private,Angel,UsuarioQ
2021-12-29,Dec,instagram,Private,Mujaahida,UsuarioH
2021-12-29,Dec,facebook,Mention,Amaani,UsuarioL
2021-12-29,Dec,instagram,Private,Lizet,UsuarioH
2021-12-29,Dec,instagram,Private,Naadiya,UsuarioK
2021-12-29,Dec,instagram,Private,Savanah,UsuarioC
2021-12-29,Dec,instagram,Private,Sharamae,UsuarioF
2021-12-29,Dec,instagram,Private,Samantha,UsuarioS
2021-12-29,Dec,instagram,Private,Savanna,UsuarioF
2021-12-29,Dec,instagram,Private,Zahraaa,UsuarioI
2021-12-29,Dec,instagram,Private,Rashawnya,UsuarioC
2021-12-29,Dec,instagram,Private,Jakob,UsuarioQ
2021-12-29,Dec,facebook,Comment,Jacob,UsuarioM
2021-12-29,Dec,instagram,Private,Dominique,UsuarioH
2021-12-29,Dec,facebook,Comment,Dominick,UsuarioN
2021-12-29,Dec,instagram,Private,Cj,UsuarioC
2021-12-29,Dec,instagram,Private,Jose,UsuarioB
2021-12-29,Dec,instagram,Private,Werner,UsuarioI
2021-12-29,Dec,instagram,Private,Vanity,UsuarioM
2021-12-29,Dec,facebook,Comment,Ayanna,UsuarioB
2021-12-29,Dec,instagram,Private,Lakota,UsuarioJ
2021-12-29,Dec,instagram,Comment,Charline,UsuarioB
2021-12-29,Dec,instagram,Private,April,UsuarioN
2021-12-29,Dec,instagram,Comment,Arin,UsuarioB
2021-12-29,Dec,instagram,Comment,Beto,UsuarioH
2021-12-29,Dec,instagram,Private,Ali,UsuarioQ
2021-12-29,Dec,instagram,Private,Sandro,UsuarioS
2021-12-29,Dec,facebook,Private,Karina,UsuarioN
2021-12-29,Dec,instagram,Private,Matias,UsuarioG
2021-12-29,Dec,instagram,Private,Bianca,UsuarioH
2021-12-29,Dec,instagram,Private,Patricia,UsuarioP
2021-12-29,Dec,instagram,Private,Mireya,UsuarioF
2021-12-29,Dec,instagram,Private,Amani,UsuarioB
2021-12-29,Dec,instagram,Private,Liya,UsuarioJ
2021-12-29,Dec,facebook,Private,Stefania,UsuarioB
2021-12-29,Dec,instagram,Private,Yan,UsuarioI
2021-12-29,Dec,instagram,Private,Nicolas,UsuarioL
2021-12-29,Dec,instagram,Private,Nicolas,UsuarioM
2021-12-29,Dec,instagram,Private,Dario,UsuarioC
2021-12-29,Dec,instagram,Private,Geisa,UsuarioL
2021-12-29,Dec,instagram,Private,Milena,UsuarioH
2021-12-29,Dec,instagram,Private,Amelia,UsuarioC
2021-12-29,Dec,instagram,Private,Aldo,UsuarioC
2021-12-29,Dec,instagram,Private,Jalene,UsuarioP
2021-12-29,Dec,instagram,Private,Jesse,UsuarioC
2021-12-29,Dec,twitter,Mention,Niki,UsuarioQ
2021-12-29,Dec,instagram,Private,Juliana,UsuarioO
2021-12-29,Dec,instagram,Private,Kendrick,UsuarioF
2021-12-29,Dec,instagram,Private,Karmon,UsuarioB
2021-12-29,Dec,facebook,Comment,Tobias,UsuarioL
2021-12-29,Dec,instagram,Private,Cheyenne,UsuarioS
2021-12-29,Dec,instagram,Private,Sharmin,UsuarioB
2021-12-29,Dec,twitter,Mention,Awni,UsuarioM
2021-12-29,Dec,instagram,Private,Jessica,UsuarioQ
2021-12-29,Dec,instagram,Private,Oscar,UsuarioE
2021-12-29,Dec,instagram,Comment,Vincent,UsuarioD
2021-12-29,Dec,facebook,Private,Dakota,UsuarioJ
2021-12-29,Dec,instagram,Comment,Zacarias,UsuarioQ
2021-12-29,Dec,instagram,Comment,Isaiah,UsuarioN
2021-12-29,Dec,instagram,Private,Isaiah,UsuarioH
2021-12-29,Dec,instagram,Private,Prasanna,UsuarioF
2021-12-29,Dec,instagram,Private,Jonathan,UsuarioS
2021-12-29,Dec,facebook,Private,Kelsey,UsuarioP
2021-12-29,Dec,instagram,Private,Zaahid,UsuarioA
2021-12-29,Dec,instagram,Private,Qwa,UsuarioI
2021-12-29,Dec,instagram,Private,Bradford,UsuarioH
2021-12-29,Dec,instagram,Private,Bryce,UsuarioJ
2021-12-29,Dec,instagram,Private,Shylo,UsuarioQ
2021-12-29,Dec,facebook,Private,Jou,UsuarioH
2021-12-29,Dec,instagram,Private,Carlos,UsuarioC
2021-12-29,Dec,instagram,Private,Saafiyya,UsuarioP
2021-12-29,Dec,instagram,Private,Paulo,UsuarioM
2021-12-29,Dec,instagram,Private,Michael,UsuarioL
2021-12-29,Dec,instagram,Private,Myranda,UsuarioH
2021-12-29,Dec,instagram,Private,Imaad,UsuarioB
2021-12-29,Dec,instagram,Private,Neshea,UsuarioH
2021-12-29,Dec,instagram,Private,Robert,UsuarioM
2021-12-29,Dec,instagram,Private,Tosha,UsuarioG
2021-12-29,Dec,instagram,Private,Anthonie,UsuarioF
2021-12-29,Dec,instagram,Private,Daamir,UsuarioP
2021-12-29,Dec,instagram,Private,Terran,UsuarioI
2021-12-29,Dec,instagram,Private,Kenneth,UsuarioL
2021-12-29,Dec,instagram,Private,Diego,UsuarioF
2021-12-29,Dec,twitter,Private,Alyxandria,UsuarioJ
2021-12-29,Dec,instagram,Private,Cristian,UsuarioT
2021-12-29,Dec,instagram,Private,Bob,UsuarioQ
2021-12-29,Dec,facebook,Private,Chloe,UsuarioT
2021-12-29,Dec,twitter,Mention,Sydney,UsuarioP
2021-12-29,Dec,instagram,Private,Saabira,UsuarioF
2021-12-29,Dec,twitter,Mention,Austin,UsuarioD
2021-12-29,Dec,instagram,Private,Mujahid,UsuarioP
2021-12-29,Dec,instagram,Private,Marissa,UsuarioC
2021-12-29,Dec,instagram,Private,Priya,UsuarioJ
2021-12-29,Dec,facebook,Private,Maria,UsuarioN
2021-12-29,Dec,instagram,Private,Basheer,UsuarioP
2021-12-29,Dec,instagram,Private,Jeremiah,UsuarioC
2021-12-29,Dec,instagram,Private,Mitchell,UsuarioF
2021-12-29,Dec,instagram,Private,Job,UsuarioL
2021-12-29,Dec,instagram,Private,Cheemeng,UsuarioF
2021-12-29,Dec,instagram,Private,Kent,UsuarioC
2021-12-29,Dec,twitter,Mention, Muzna,UsuarioQ
2021-12-29,Dec,instagram,Private,Julia,UsuarioL
2021-12-29,Dec,instagram,Private,Jordan,UsuarioA
2021-12-29,Dec,instagram,Private,William,UsuarioE
2021-12-29,Dec,instagram,Private,Jacinto,UsuarioB
2021-12-29,Dec,instagram,Private,Janaina,UsuarioF
2021-12-29,Dec,facebook,Wall post,Asim,UsuarioL
2021-12-29,Dec,facebook,Private,Nadheera,UsuarioF
2021-12-29,Dec,instagram,Private,Fabio,UsuarioJ
2021-12-29,Dec,instagram,Private,Deshaun,UsuarioP
2021-12-29,Dec,instagram,Private,Miqdaad,UsuarioI
2021-12-29,Dec,instagram,Private,Kevin,UsuarioB
2021-12-29,Dec,instagram,Private,Kestral,UsuarioP
2021-12-29,Dec,instagram,Private,Rebecca,UsuarioP
2021-12-29,Dec,instagram,Private,Devont,UsuarioA
2021-12-29,Dec,instagram,Private,John,UsuarioQ
2021-12-29,Dec,instagram,Private,Cheyne,UsuarioB
2021-12-29,Dec,instagram,Private,Veleisha,UsuarioF
2021-12-29,Dec,facebook,Private,Vicky,UsuarioF
2021-12-29,Dec,instagram,Private,Aspen,UsuarioA
2021-12-29,Dec,facebook,Private,Tamara,UsuarioT
2021-12-29,Dec,instagram,Private,Veronica,UsuarioE
2021-12-29,Dec,instagram,Private,Isias,UsuarioP
2021-12-29,Dec,instagram,Private,Olivia,UsuarioL
2021-12-29,Dec,instagram,Comment,Vando,UsuarioH
2021-12-29,Dec,instagram,Private,Amani,UsuarioQ
2021-12-29,Dec,instagram,Private,Steven,UsuarioJ
2021-12-29,Dec,instagram,Private,Fredlyn,UsuarioP
2021-12-29,Dec,instagram,Private,Amelia,UsuarioU
2021-12-29,Dec,instagram,Private,Liliane,UsuarioD
2021-12-29,Dec,facebook,Private,William,UsuarioF
2021-12-29,Dec,instagram,Private,Tyler,UsuarioH
2021-12-29,Dec,instagram,Private,Trevor,UsuarioC
2021-12-29,Dec,instagram,Private,Abaell,UsuarioP
2021-12-29,Dec,instagram,Private,Pablo,UsuarioS
2021-12-29,Dec,instagram,Private,Stephanie,UsuarioF
2021-12-29,Dec,instagram,Private,Anthony,UsuarioP
2021-12-29,Dec,instagram,Private,Broderick,UsuarioP
2021-12-29,Dec,instagram,Private,Mariah,UsuarioS
2021-12-29,Dec,instagram,Private,Kaci,UsuarioL
2021-12-29,Dec,instagram,Private,Maisara,UsuarioU
2021-12-29,Dec,instagram,Private,Vanessa,UsuarioR
2021-12-29,Dec,instagram,Private,Randy,UsuarioJ
2021-12-29,Dec,instagram,Private,Arshad,UsuarioP
2021-12-29,Dec,instagram,Private,Anika,UsuarioM
2021-12-29,Dec,instagram,Private,Gloria,UsuarioP
2021-12-29,Dec,instagram,Private,Dakota,UsuarioH
2021-12-29,Dec,instagram,Private,John,UsuarioI
2021-12-29,Dec,instagram,Private,Mateus,UsuarioT
2021-12-29,Dec,instagram,Private,Robert,UsuarioL
2021-12-29,Dec,instagram,Private,Dominic,UsuarioA
2021-12-29,Dec,instagram,Private,Ezra,UsuarioA
2021-12-29,Dec,facebook,Comment,Nancy,UsuarioH
2021-12-29,Dec,instagram,Private,Mariah,UsuarioO
2021-12-29,Dec,instagram,Private,Savanah,UsuarioU
2021-12-29,Dec,facebook,Private,Cheyenne,UsuarioB
2021-12-29,Dec,instagram,Private,Gabrielle,UsuarioB
2021-12-29,Dec,instagram,Private,Lubna,UsuarioB
2021-12-29,Dec,instagram,Private,Molly,UsuarioP
2021-12-29,Dec,twitter,Mention,Sierrea,UsuarioC
2021-12-29,Dec,instagram,Private,Lucas,UsuarioC
2021-12-29,Dec,facebook,Comment,Peggy,UsuarioK
2021-12-29,Dec,instagram,Private,Afraah,UsuarioC
2021-12-29,Dec,instagram,Private,Yanesa,UsuarioG
2021-12-29,Dec,instagram,Private,Cesar,UsuarioE
2021-12-29,Dec,instagram,Private,Fabio,UsuarioH
2021-12-29,Dec,instagram,Private,Issac,UsuarioH
2021-12-29,Dec,instagram,Private,Cindy,UsuarioC
2021-12-29,Dec,instagram,Private,Darius,UsuarioF
2021-12-29,Dec,facebook,Private,Shaimaaa,UsuarioA
2021-12-29,Dec,instagram,Comment,Marta,UsuarioC
2021-12-29,Dec,twitter,Mention,Sheila,UsuarioD
2021-12-29,Dec,instagram,Private,Dlisa,UsuarioI
2021-12-29,Dec,instagram,Private,Maria,UsuarioB
2021-12-29,Dec,facebook,Private,Aaliyah,UsuarioN
2021-12-29,Dec,facebook,Private,Veronica,UsuarioB
2021-12-29,Dec,instagram,Private,Selene,UsuarioS
2021-12-29,Dec,instagram,Comment,Jessica,UsuarioS
2021-12-29,Dec,instagram,Private,Audrianna,UsuarioS
2021-12-29,Dec,instagram,Private,Geneveive,UsuarioI
2021-12-29,Dec,facebook,Private,Kyle,UsuarioJ
2021-12-29,Dec,facebook,Comment,Samantha,UsuarioH
2021-12-29,Dec,instagram,Comment,Robert,UsuarioL
2021-12-29,Dec,instagram,Private,Shawn,UsuarioC
2021-12-29,Dec,facebook,Private,Michael,UsuarioA
2021-12-29,Dec,instagram,Private,Ron,UsuarioB
2021-12-29,Dec,facebook,Private,Ameilia,UsuarioL
2021-12-29,Dec,instagram,Private,Preston,UsuarioI
2021-12-29,Dec,instagram,Private,Brittany,UsuarioC
2021-12-29,Dec,instagram,Private,Madeline,UsuarioQ
2021-12-29,Dec,instagram,Private,Jaylene,UsuarioJ
2021-12-29,Dec,instagram,Private,Nayeli,UsuarioQ
2021-12-29,Dec,instagram,Private,Khadeeja,UsuarioQ
2021-12-29,Dec,facebook,Comment,Isaia,UsuarioC
2021-12-29,Dec,instagram,Private,Alysha,UsuarioB
2021-12-29,Dec,instagram,Private,Saajida,UsuarioR
2021-12-29,Dec,facebook,Comment,Kristian,UsuarioS
2021-12-29,Dec,facebook,Comment,Arushi,UsuarioL
2021-12-29,Dec,instagram,Private,Keith,UsuarioD
2021-12-29,Dec,instagram,Private,Amanda,UsuarioL
2021-12-29,Dec,instagram,Private,Kristen,UsuarioF
2021-12-29,Dec,instagram,Private,Nathan,UsuarioU
2021-12-29,Dec,instagram,Private,Tiffany,UsuarioJ
2021-12-29,Dec,facebook,Comment,Savannah,UsuarioB
2021-12-29,Dec,instagram,Private,Elaine,UsuarioN
2021-12-29,Dec,instagram,Private,Alexis,UsuarioN
2021-12-29,Dec,instagram,Private,Sulaimaan,UsuarioC
2021-12-29,Dec,instagram,Private,Oscar,UsuarioJ
2021-12-29,Dec,instagram,Private,Deondre,UsuarioU
2021-12-29,Dec,facebook,Mention,Garrett,UsuarioB
2021-12-29,Dec,instagram,Private,Brian,UsuarioJ
2021-12-29,Dec,instagram,Private,Shadhaa,UsuarioA
2021-12-29,Dec,instagram,Private,Fidel,UsuarioJ
2021-12-29,Dec,facebook,Mention,Slater,UsuarioP
2021-12-29,Dec,facebook,Private,Alex,UsuarioQ
2021-12-29,Dec,facebook,Private,Muhyddeen,UsuarioS
2021-12-29,Dec,instagram,Private,Demetreus,UsuarioF
2021-12-29,Dec,facebook,Private,Natalie,UsuarioI
2021-12-29,Dec,instagram,Private,Cindy,UsuarioP
2021-12-29,Dec,instagram,Private,Lluvia,UsuarioN
2021-12-29,Dec,facebook,Wall post,Muhsin,UsuarioU
2021-12-29,Dec,facebook,Private,Alexander,UsuarioB
2021-12-29,Dec,facebook,Comment,Ann,UsuarioP
2021-12-29,Dec,instagram,Private,Gagan,UsuarioT
2021-12-29,Dec,facebook,Private,Priscilla,UsuarioJ
2021-12-29,Dec,facebook,Private,Anthony,UsuarioA
2021-12-29,Dec,facebook,Private,Sydney,UsuarioT
2021-12-29,Dec,instagram,Private,Janesa,UsuarioQ
2021-12-29,Dec,facebook,Private,Shannon,UsuarioC
2021-12-29,Dec,instagram,Private,Joel,UsuarioA
2021-12-29,Dec,instagram,Private,Ushma,UsuarioL
2021-12-29,Dec,instagram,Private,Pinkan,UsuarioA
2021-12-29,Dec,instagram,Private,Husniyya,UsuarioL